{"_runtime":971.364709709,"val_pr_auc":0.8708572707634041,"train_loss":0.4324102802871849,"_timestamp":1.7627187241430242e+09,"val_acc":0.7569071087216249,"_step":15,"val_loss":0.4894692897796631,"val_graph_iou_best":0.6617528810877104,"val_roc_auc":0.8447691348797651,"val_f1":0.7070911681309944,"_wandb":{"runtime":971},"val_graph_iou_best_thres":0.32323232323232326,"epoch":15,"lr":5e-05,"val_graph_iou_auc":0.5410713010526229,"train_acc":0.7843148315282792,"train_f1":0.7685193138107596}