{"val_graph_iou_auc":0.42954060499092567,"_step":3,"val_loss":0.6176428198814392,"_timestamp":1.76254649466333e+09,"lr":0.0001,"train_f1":0.6104149523257744,"val_roc_auc":0.8066578086308611,"_runtime":228.387779458,"val_f1":0.5365927239663437,"train_acc":0.6849038782666778,"_wandb":{"runtime":228},"val_graph_iou_best_thres":0.2828282828282829,"val_graph_iou_best":0.6090354088866825,"epoch":3,"val_acc":0.7157514880952381,"train_loss":0.6111906715758607,"val_pr_auc":0.8179208484115192}