{"_runtime":238.957325458,"train_acc":0.6565310251798561,"val_f1":0.6568213964684742,"lr":0.0001,"_wandb":{"runtime":238},"val_roc_auc":0.7762776738975232,"val_graph_iou_best_thres":0.31313131313131315,"val_pr_auc":0.8062026937050326,"val_graph_iou_auc":0.4067622093682813,"train_f1":0.6213735842895161,"val_soft_iou":0.44406813383102417,"train_soft_iou":0.4445209092599997,"_timestamp":1.762729747017874e+09,"_step":2,"epoch":2,"val_loss":0.5715497136116028,"train_loss":0.7704118598052033,"val_acc":0.6943781963021243,"val_graph_iou_best":0.60774530752964}