{"val_graph_iou_auc":0.4419395494902079,"_timestamp":1.762714761456605e+09,"epoch":18,"val_roc_auc":0.8007813985293719,"train_loss":0.5614520555057982,"_wandb":{"runtime":1287},"train_acc":0.6952606992163953,"_runtime":1287.951916542,"lr":5e-05,"val_graph_iou_best":0.6285359799929191,"val_f1":0.6142042897995892,"train_f1":0.657291824968292,"val_loss":0.5568587183952332,"val_acc":0.7090387697856141,"_step":18,"val_pr_auc":0.8278453838112767,"val_graph_iou_best_thres":0.25252525252525254}