{"zero_shot_val_acc":0.5468530855539973,"zero_shot_train_pr_auc":0.671713118605005,"zero_shot_val_pr_auc":0.7406582930872257,"zero_shot_val_graph_iou_auc":0.5061292711760274,"zero_shot_train_graph_iou_best":0.5609271522807333,"_step":0,"zero_shot_train_graph_iou_auc":0.48371277613658387,"zero_shot_val_roc_auc":0.7377187074801996,"_wandb":{"runtime":64},"_timestamp":1.7627255264425101e+09,"zero_shot_train_roc_auc":0.6938596727913002,"_runtime":64,"zero_shot_val_f1":0.6533979581934088,"zero_shot_train_acc":0.52541063893912,"zero_shot_train_f1":0.6839831281854374,"zero_shot_val_graph_iou_best":0.592509531152162}