{"zero_shot_val_roc_auc":0.7377187074801996,"zero_shot_train_f1":0.6839831281854374,"zero_shot_train_acc":0.52541063893912,"zero_shot_val_f1":0.6533979581934088,"zero_shot_train_graph_iou_best":0.5609271522807333,"zero_shot_val_pr_auc":0.7406582930872257,"_runtime":66,"_timestamp":1.762726177885557e+09,"zero_shot_train_graph_iou_auc":0.48371277613658387,"_wandb":{"runtime":66},"zero_shot_train_roc_auc":0.6938596727913002,"_step":0,"zero_shot_val_graph_iou_auc":0.5061292711760274,"zero_shot_val_graph_iou_best":0.592509531152162,"zero_shot_val_acc":0.5468530855539973,"zero_shot_train_pr_auc":0.671713118605005}