{"train_acc":0.7779901079136691,"val_graph_iou_auc":0.4939437653167134,"train_loss":0.5852495291986815,"_step":13,"train_soft_iou":0.5659585967424066,"val_graph_iou_best_thres":0.26262626262626265,"epoch":13,"lr":5e-05,"val_loss":0.579995334148407,"val_acc":0.7110542879622345,"val_roc_auc":0.7904722338574193,"_runtime":1338.806339417,"train_f1":0.7680260316080514,"val_graph_iou_best":0.6187720179620604,"_timestamp":1.7627693732722619e+09,"_wandb":{"runtime":1338},"val_f1":0.6915002831444004,"val_soft_iou":0.5113179087638855,"val_pr_auc":0.8127577074416192}