{"_runtime":2682.944652208,"val_roc_auc":0.8362816770136267,"train_f1":0.7797699508878592,"val_acc":0.7542596872541306,"val_loss":0.5209015011787415,"val_graph_iou_auc":0.5744365619623801,"_wandb":{"runtime":2682},"lr":5e-05,"train_loss":0.5610040720098971,"train_acc":0.7881444844124701,"epoch":27,"_timestamp":1.762729496430122e+09,"val_f1":0.7589807894790148,"train_soft_iou":0.5780706842362962,"val_graph_iou_best":0.6543501046503276,"val_graph_iou_best_thres":0.36363636363636365,"val_soft_iou":0.5841628313064575,"val_pr_auc":0.8605731096742356,"_step":27}